Week,Name,Pos,Team,Opp,Projected,Actual,Injury?
1,Justin Jefferson,WR,MIN,TB,20.1,24,N
1,Ja'Marr Chase,WR,CIN,CLE,20.4,9.1,N
1,Christian McCaffrey,RB,SF,PIT,17.3,25.9,N
1,Austin Ekeler,RB,LAC,MIA,17.9,26.4,N
1,Tyreek Hill,WR,MIA,LAC,20.5,44.5,N
1,Bijan Robinson,RB,ATL,CAR,17.8,20.3,N
1,Davante Adams,WR,LV,DEN,19,12.6,N
1,Saquon Barkley,RB,NYG,DAL,16.9,9.3,N
1,Derrick Henry,RB,TEN,NO,17.1,13.9,N
1,Stefon Diggs,WR,BUF,NYJ,16,26.2,N
1,Patrick Mahomes,QB,KC,DET,24.7,19.54,N
1,Nick Chubb,RB,CLE,CIN,15.5,16.7,N
1,Tony Pollard,RB,DAL,NYG,17.5,22.2,N
1,CeeDee Lamb,WR,DAL,NYG,17.7,11.7,N
1,Garrett Wilson,WR,NYJ,BUF,16.4,14.4,N
1,Josh Jacobs,RB,LV,DEN,16.5,9.1,N
1,A.J. Brown,WR,PHI,NE,14.6,14.9,N
1,Josh Allen,QB,BUF,NYJ,21.1,9.04,N
1,Amon-Ra St. Brown,WR,DET,KC,16.7,19.1,N
1,Jalen Hurts,QB,PHI,NE,21.3,12.5,N
1,Joe Mixon,RB,CIN,CLE,14.8,10.3,N
1,DK Metcalf,WR,SEA,LAR,15.6,13.7,N
1,Jaylen Waddle,WR,MIA,LAC,15.3,11.8,N
1,Tee Higgins,WR,CIN,CLE,14.6,0,N
1,Travis Etienne Jr.,RB,JAX,IND,15.1,21.4,N
1,Chris Olave,WR,NO,TEN,14.4,19.2,N
1,Najee Harris,RB,PIT,SF,13.6,5.3,N
1,DeVonta Smith,WR,PHI,NE,14,17.7,N
1,Lamar Jackson,QB,BAL,HOU,22.5,6.56,N
1,Aaron Jones,RB,GB,CHI,15.5,26.7,Y
1,Jahmyr Gibbs,RB,DET,KC,14,8,N
1,Joe Burrow,QB,CIN,CLE,19.8,3.18,N
1,Deebo Samuel,WR,SF,PIT,14.2,11.3,N
1,Rhamondre Stevenson,RB,NE,PHI,15.1,14.9,N
1,Calvin Ridley,WR,JAX,IND,14.2,24.1,N
1,Keenan Allen,WR,LAC,MIA,14.1,14.2,N
1,Dameon Pierce,RB,HOU,BAL,13.6,6.7,N
1,Amari Cooper,WR,CLE,CIN,13.6,6.7,N
1,Justin Herbert,QB,LAC,MIA,16.9,20.86,N
1,T.J. Hockenson,TE,MIN,TB,12.5,11.5,N
1,Justin Fields,QB,CHI,GB,19.5,14.54,N
1,Darren Waller,TE,NYG,DAL,12.1,6.6,N
1,DeAndre Hopkins,WR,TEN,NO,13.5,13.5,N
1,George Kittle,TE,SF,PIT,10.5,4.9,N
1,Kenneth Walker III,RB,SEA,LAR,14.5,10.7,N
1,Rachaad White,RB,TB,MIN,13.9,6.9,N
1,Diontae Johnson,WR,PIT,SF,13.2,7.8,Y
1,Alexander Mattison,RB,MIN,TB,14.4,13.4,N
1,D.J. Moore,WR,CHI,GB,12.7,4.5,N
1,Chris Godwin,WR,TB,MIN,14.1,10.1,N
1,James Conner,RB,ARI,WAS,14.9,12,N
1,Kyle Pitts,TE,ATL,CAR,10.1,6.4,N
1,Miles Sanders,RB,CAR,ATL,14.2,11.8,N
1,Trevor Lawrence,QB,JAX,IND,18.5,17.74,N
1,James Cook,RB,BUF,NYJ,12.3,10.3,N
1,Mike Williams,WR,LAC,MIA,12.8,8.5,N
1,Mike Evans,WR,TB,MIN,13.8,18.6,N
1,Terry McLaurin,WR,WAS,ARI,13.1,5.1,N
1,Deshaun Watson,QB,CLE,CIN,18.5,20.66,N
1,Cam Akers,RB,LAR,SEA,13.5,8.9,N
1,Tyler Lockett,WR,SEA,LAR,13,3,Y
1,Javonte Williams,RB,DEN,LV,11.1,9.7,N
1,Isiah Pacheco,RB,KC,DET,11.5,9.4,N
1,Dalvin Cook,RB,NYJ,BUF,12,8.9,N
1,Brandon Aiyuk,WR,SF,PIT,10.6,32.9,N
1,David Montgomery,RB,DET,KC,12.3,13.4,N
1,Drake London,WR,ATL,CAR,12.4,0,N
1,George Pickens,WR,PIT,SF,10.8,8.6,N
1,J.K. Dobbins,RB,BAL,HOU,12.7,11.7,Y
1,Marquise Brown,WR,ARI,WAS,12.6,8.7,N
1,Christian Kirk,WR,JAX,IND,12.3,1.9,N
1,Kirk Cousins,QB,MIN,TB,17.4,16.46,N
1,D'Andre Swift,RB,PHI,NE,11.5,1.3,N
1,Michael Pittman Jr.,WR,IND,JAX,12,23.7,N
1,Brandin Cooks,WR,DAL,NYG,11.9,4.2,N
1,Dak Prescott,QB,DAL,NYG,18.4,6.32,N
1,David Njoku,TE,CLE,CIN,10,4.4,N
1,Khalil Herbert,RB,CHI,GB,11.4,11.4,N
1,Courtland Sutton,WR,DEN,LV,13.1,13.2,N
1,Aaron Rodgers,QB,NYJ,BUF,15.8,0,Y
1,Jahan Dotson,WR,WAS,ARI,11.2,9,N
1,A.J. Dillon,RB,GB,CHI,11.2,5.6,N
1,Skyy Moore,WR,KC,DET,11.7,0.4,N
1,Brian Robinson Jr.,RB,WAS,ARI,11.3,13.6,N
1,Geno Smith,QB,SEA,LAR,19.2,9.08,N
1,Russell Wilson,QB,DEN,LV,18.6,15.18,N
1,Tua Tagovailoa,QB,MIA,LAC,17.6,27.14,N
1,Daniel Jones,QB,NYG,DAL,17.5,4.46,N
1,Anthony Richardson,QB,IND,JAX,17.2,20.92,Y
1,Sam Howell,QB,WAS,ARI,16.6,15.18,N
1,Matthew Stafford,QB,LAR,SEA,16.2,14.46,N
1,Jared Goff,QB,DET,KC,15.8,14.02,N
1,Jimmy Garoppolo,QB,LV,DEN,15.4,15.1,N
1,Jordan Love,QB,GB,CHI,14.8,23,N
1,Derek Carr,QB,NO,TEN,14.8,14.6,N
1,Mac Jones,QB,NE,PHI,14.7,24.14,N
1,Baker Mayfield,QB,TB,MIN,14.7,16.02,N
1,Ryan Tannehill,QB,TEN,NO,14.5,2.42,N
1,Kenny Pickett,QB,PIT,SF,14.4,9.68,N
1,Bryce Young,QB,CAR,ATL,14.1,7.54,N
1,Brock Purdy,QB,SF,PIT,13.8,16.8,N
1,C.J. Stroud,QB,HOU,BAL,12.9,10.68,N
1,Desmond Ridder,QB,ATL,CAR,12.8,8.9,N
1,Joshua Dobbs,QB,ARI,WAS,12.2,0.98,N
1,Jamaal Williams,RB,NO,TEN,14.5,7.2,N
1,Raheem Mostert,RB,MIA,LAC,12.8,13,N
1,Samaje Perine,RB,DEN,LV,11.5,11.8,N
1,Jerick McKinnon,RB,KC,DET,11.2,2,N
1,Antonio Gibson,RB,WAS,ARI,10.7,0.9,N
1,Deon Jackson,RB,IND,JAX,10.4,3.8,N
1,Michael Thomas,WR,NO,TEN,12.2,11.1,N
1,Jakobi Meyers,WR,LV,DEN,10.9,29.1,Y
1,Van Jefferson,WR,LAR,SEA,10.8,6.4,N
1,JuJu Smith-Schuster,WR,NE,PHI,10.8,7.3,N
1,Odell Beckham Jr.,WR,BAL,HOU,10.8,5.7,N
1,Kadarius Toney,WR,KC,DET,10.5,1,N
1,Nico Collins,WR,HOU,BAL,10.1,14,N
1,Gabe Davis,WR,BUF,NYJ,10.1,5.2,N
1,Kendrick Bourne,WR,NE,PHI,10,24.4,N
1,Tyler Higbee,TE,LAR,SEA,11.8,7.9,N
2,Justin Jefferson,WR,MIN,PHI,22.1,24.9,N
2,Ja'Marr Chase,WR,CIN,BAL,20.2,8.1,N
2,Christian McCaffrey,RB,SF,LAR,22.3,22.5,N
2,Travis Kelce,TE,KC,JAX,16.8,12.6,N
2,Tyreek Hill,WR,MIA,NE,22,15,N
2,Bijan Robinson,RB,ATL,GB,16.4,21.2,N
2,Davante Adams,WR,LV,BUF,19.2,20.4,N
2,Saquon Barkley,RB,NYG,ARI,18.6,27.2,Y
2,Derrick Henry,RB,TEN,LAC,17.8,18.5,N
2,Stefon Diggs,WR,BUF,LV,17.9,13.6,N
2,Patrick Mahomes,QB,KC,JAX,23.3,21.2,N
2,Nick Chubb,RB,CLE,PIT,15.8,6.4,Y
2,Tony Pollard,RB,DAL,NYJ,17.4,19.9,N
2,CeeDee Lamb,WR,DAL,NYJ,16.1,25.3,N
2,Garrett Wilson,WR,NYJ,DAL,14,16.3,N
2,Josh Jacobs,RB,LV,BUF,15.7,9.9,N
2,A.J. Brown,WR,PHI,MIN,15.1,6.9,N
2,Josh Allen,QB,BUF,LV,24.4,23.66,N
2,Amon-Ra St. Brown,WR,DET,SEA,16.6,14.2,N
2,Jalen Hurts,QB,PHI,MIN,24.7,25.22,N
2,Joe Mixon,RB,CIN,BAL,16,13.5,N
2,DK Metcalf,WR,SEA,DET,15.4,13.5,N
2,Jaylen Waddle,WR,MIA,NE,14.5,12.4,N
2,Tee Higgins,WR,CIN,BAL,14.7,28.9,N
2,Travis Etienne Jr.,RB,JAX,KC,16.2,6.2,N
2,Chris Olave,WR,NO,CAR,14.5,14.6,N
2,Najee Harris,RB,PIT,CLE,13.2,5.3,N
2,DeVonta Smith,WR,PHI,MIN,15,23.1,N
2,Lamar Jackson,QB,BAL,CIN,20.6,22.88,N
2,Jahmyr Gibbs,RB,DET,SEA,13.2,12.6,N
2,Joe Burrow,QB,CIN,BAL,20.7,15.38,N
2,Deebo Samuel,WR,SF,LAR,14.3,22.1,N
2,Mark Andrews,TE,BAL,CIN,12.4,15.5,N
2,Rhamondre Stevenson,RB,NE,MIA,14.7,15,N
2,Calvin Ridley,WR,JAX,KC,16.8,5.2,N
2,Keenan Allen,WR,LAC,TEN,15.2,31.1,N
2,Dameon Pierce,RB,HOU,IND,13.3,5.5,N
2,Justin Herbert,QB,LAC,TEN,19,22.2,N
2,T.J. Hockenson,TE,MIN,PHI,13.5,25.6,N
2,Justin Fields,QB,CHI,TB,19,14.74,N
2,Darren Waller,TE,NYG,ARI,11.1,13.6,N
2,DeAndre Hopkins,WR,TEN,LAC,12.9,8,N
2,Breece Hall,RB,NYJ,DAL,10.5,0.9,N
2,George Kittle,TE,SF,LAR,11.4,6,N
2,Kenneth Walker III,RB,SEA,DET,15,18.4,N
2,Rachaad White,RB,TB,CHI,15.1,21.3,N
2,Alexander Mattison,RB,MIN,PHI,13.6,4.9,N
2,D.J. Moore,WR,CHI,TB,12.2,16.4,N
2,Chris Godwin,WR,TB,CHI,13.8,10.8,N
2,James Conner,RB,ARI,NYG,15.1,16.6,N
2,Miles Sanders,RB,CAR,NO,13.7,7.7,N
2,Trevor Lawrence,QB,JAX,KC,18.4,9.24,N
2,James Cook,RB,BUF,LV,14.9,19.9,N
2,Dallas Goedert,TE,PHI,MIN,10.4,8.2,N
2,Mike Williams,WR,LAC,TEN,12.6,16.6,N
2,Mike Evans,WR,TB,CHI,13.6,29.1,N
2,Terry McLaurin,WR,WAS,DEN,13,16.4,N
2,Deshaun Watson,QB,CLE,PIT,17,11.6,N
2,Tyler Lockett,WR,SEA,DET,13,25.9,N
2,Javonte Williams,RB,DEN,WAS,14.8,7.8,N
2,Isiah Pacheco,RB,KC,JAX,12.6,8,N
2,Dalvin Cook,RB,NYJ,DAL,10.4,0.2,N
2,Brandon Aiyuk,WR,SF,LAR,13.9,7.3,N
2,Jerry Jeudy,WR,DEN,WAS,11.7,5.5,N
2,David Montgomery,RB,DET,SEA,13.6,12.4,Y
2,Drake London,WR,ATL,GB,11,18.7,N
2,George Pickens,WR,PIT,CLE,11.4,22.7,N
2,Marquise Brown,WR,ARI,NYG,12.1,17.4,N
2,Christian Kirk,WR,JAX,KC,10.4,21.96,N
2,Kirk Cousins,QB,MIN,PHI,17.9,28.56,N
2,D'Andre Swift,RB,PHI,MIN,12.1,27.1,N
2,Michael Pittman Jr.,WR,IND,HOU,13.4,13.6,N
2,Dak Prescott,QB,DAL,NYJ,15.7,19.6,N
2,Khalil Herbert,RB,CHI,TB,10.5,6.8,N
2,Courtland Sutton,WR,DEN,WAS,11.2,11.6,N
2,Jahan Dotson,WR,WAS,DEN,11.7,5.2,N
2,A.J. Dillon,RB,GB,ATL,15.4,7.3,N
2,Jaxon Smith-Njigba,WR,SEA,DET,11.3,8.4,N
2,Brian Robinson Jr.,RB,WAS,DEN,10.7,28.9,N
2,Geno Smith,QB,SEA,DET,17.6,23.12,N
2,Russell Wilson,QB,DEN,WAS,15.8,25.92,N
2,Tua Tagovailoa,QB,MIA,NE,17.9,12.26,N
2,Daniel Jones,QB,NYG,ARI,18.1,30.74,N
2,Anthony Richardson,QB,IND,HOU,17.6,17.74,Y
2,Sam Howell,QB,WAS,DEN,14.9,21.26,N
2,Matthew Stafford,QB,LAR,SF,14.2,13.98,N
2,Jared Goff,QB,DET,SEA,15.7,22.92,N
2,Jimmy Garoppolo,QB,LV,BUF,14.9,7.5,N
2,Jordan Love,QB,GB,ATL,15.3,20.34,N
2,Derek Carr,QB,NO,CAR,14.6,6.72,N
2,Mac Jones,QB,NE,MIA,14.2,13.74,N
2,Baker Mayfield,QB,TB,CHI,15.5,18.38,N
2,Ryan Tannehill,QB,TEN,LAC,15.4,21.04,N
2,Kenny Pickett,QB,PIT,CLE,13.8,10.28,N
2,Bryce Young,QB,CAR,NO,12.7,13.52,N
2,Brock Purdy,QB,SF,LAR,17.1,14.74,N
2,C.J. Stroud,QB,HOU,IND,14.1,21.46,N
2,Desmond Ridder,QB,ATL,GB,12.4,21.38,N
2,Joshua Dobbs,QB,ARI,NYG,13,25.22,N
2,Jamaal Williams,RB,NO,CAR,13.2,2.9,Y
2,Raheem Mostert,RB,MIA,NE,12.4,25.7,N
2,Michael Thomas,WR,NO,CAR,11.4,12.5,N
2,Odell Beckham Jr.,WR,BAL,CIN,10.1,5.9,Y
2,Nico Collins,WR,HOU,IND,10.2,27.6,N
2,Gabe Davis,WR,BUF,LV,11.6,21.2,N
2,Tyler Higbee,TE,LAR,SF,10,4.2,N
2,Zach Wilson,QB,NYJ,DAL,13.2,8.4,N
2,Joshua Kelley,RB,LAC,TEN,14.3,3.9,N
2,Tyler Allgeier,RB,ATL,GB,13.2,4.8,N
2,Kyren Williams,RB,LAR,SF,11.5,28,N
2,Zack Moss,RB,IND,HOU,10.2,20.7,N
2,Zay Flowers,WR,BAL,CIN,12.2,10.8,N
2,Puka Nacua,WR,LAR,SF,12.2,30.1,N
2,Zay Jones,WR,JAX,KC,11.9,0,N
2,Jordan Addison,WR,MIN,PHI,11.7,16.2,N
2,Tutu Atwell,WR,LAR,SF,10.5,15.2,N
2,Treylon Burks,WR,TEN,LAC,10.3,10.6,N
2,Romeo Doubs,WR,GB,ATL,10,5,N
3,Justin Jefferson,WR,MIN,LAC,23.1,27.9,N
3,Ja'Marr Chase,WR,CIN,LAR,20,26.1,N
3,Christian McCaffrey,RB,SF,NYG,21.1,22.9,N
3,Travis Kelce,TE,KC,CHI,18.2,19.9,N
3,Tyreek Hill,WR,MIA,DEN,23.8,30.7,N
3,Bijan Robinson,RB,ATL,DET,18.5,10,N
3,Davante Adams,WR,LV,PIT,20.4,42.2,N
3,Derrick Henry,RB,TEN,CLE,16.8,2,N
3,Stefon Diggs,WR,BUF,WAS,16.6,19.1,N
3,Patrick Mahomes,QB,KC,CHI,24.1,25.68,N
3,Tony Pollard,RB,DAL,ARI,19.3,15.1,N
3,CeeDee Lamb,WR,DAL,ARI,16.2,10.2,N
3,Garrett Wilson,WR,NYJ,NE,14.3,9.8,N
3,Josh Jacobs,RB,LV,PIT,16.9,11,N
3,A.J. Brown,WR,PHI,TB,15.1,22.1,N
3,Josh Allen,QB,BUF,WAS,20.8,21.32,N
3,Amon-Ra St. Brown,WR,DET,ATL,15.7,19.6,N
3,Jalen Hurts,QB,PHI,TB,21.8,19.88,N
3,Joe Mixon,RB,CIN,LAR,16.9,14,N
3,DK Metcalf,WR,SEA,CAR,14.1,17.2,N
3,Tee Higgins,WR,CIN,LAR,14.6,4.1,N
3,Travis Etienne Jr.,RB,JAX,HOU,16.6,17.8,N
3,Chris Olave,WR,NO,GB,15.5,18.4,N
3,Najee Harris,RB,PIT,LV,12.7,6.5,N
3,DeVonta Smith,WR,PHI,TB,15.2,6.8,N
3,Lamar Jackson,QB,BAL,IND,20.8,28.18,N
3,Jahmyr Gibbs,RB,DET,ATL,15.9,9.2,N
3,Joe Burrow,QB,CIN,LAR,19.4,8.16,N
3,Deebo Samuel,WR,SF,NYG,18.8,25.1,N
3,Mark Andrews,TE,BAL,IND,13.7,7.5,N
3,Rhamondre Stevenson,RB,NE,NYJ,14.5,7.2,N
3,Calvin Ridley,WR,JAX,HOU,14.9,7,N
3,Keenan Allen,WR,LAC,MIN,16.2,45.46,N
3,Dameon Pierce,RB,HOU,JAX,10.7,14.9,N
3,Amari Cooper,WR,CLE,TEN,13.3,24.6,N
3,Justin Herbert,QB,LAC,MIN,20.2,29.3,N
3,T.J. Hockenson,TE,MIN,LAC,14.5,13.8,N
3,Justin Fields,QB,CHI,KC,18.7,10.66,N
3,Darren Waller,TE,NYG,SF,11.1,5,N
3,DeAndre Hopkins,WR,TEN,CLE,13.7,7.8,N
3,Breece Hall,RB,NYJ,NE,10.7,3.7,N
3,George Kittle,TE,SF,NYG,12,16,N
3,Kenneth Walker III,RB,SEA,CAR,15,30.6,N
3,Rachaad White,RB,TB,PHI,12.7,7.2,N
3,Alexander Mattison,RB,MIN,LAC,14.5,17.5,N
3,D.J. Moore,WR,CHI,KC,12.7,13.1,N
3,Chris Godwin,WR,TB,PHI,13.4,8.2,N
3,James Conner,RB,ARI,DAL,13.5,19.6,N
3,Miles Sanders,RB,CAR,SEA,15.7,17.2,N
3,Trevor Lawrence,QB,JAX,HOU,17.6,14.36,N
3,James Cook,RB,BUF,WAS,14.2,13.2,N
3,Mike Williams,WR,LAC,MIN,14,25.1,Y
3,Mike Evans,WR,TB,PHI,14.6,17,N
3,Terry McLaurin,WR,WAS,BUF,12.4,10.1,N
3,Deshaun Watson,QB,CLE,TEN,17.4,21.16,N
3,Tyler Lockett,WR,SEA,CAR,13,8.4,N
3,Javonte Williams,RB,DEN,MIA,14,8.5,N
3,Isiah Pacheco,RB,KC,CHI,14.4,15.8,N
3,Dalvin Cook,RB,NYJ,NE,10.1,5.9,N
3,Jerry Jeudy,WR,DEN,MIA,13.1,13.1,N
3,Drake London,WR,ATL,DET,11,5.1,N
3,George Pickens,WR,PIT,LV,14,11.5,N
3,Marquise Brown,WR,ARI,DAL,12.5,17.1,N
3,Christian Kirk,WR,JAX,HOU,12.1,15.4,N
3,Kirk Cousins,QB,MIN,LAC,19.9,25.68,N
3,D'Andre Swift,RB,PHI,TB,10.4,14.8,N
3,Michael Pittman Jr.,WR,IND,BAL,15.6,16.7,N
3,Dak Prescott,QB,DAL,ARI,17.2,14.36,N
3,Khalil Herbert,RB,CHI,KC,10.4,3.5,N
3,Courtland Sutton,WR,DEN,MIA,11.4,19.1,N
3,Jahan Dotson,WR,WAS,BUF,11.1,4.1,N
3,A.J. Dillon,RB,GB,NO,14,3.3,N
3,Brian Robinson Jr.,RB,WAS,BUF,12.9,7,N
3,Geno Smith,QB,SEA,CAR,16.5,15.44,N
3,Russell Wilson,QB,DEN,MIA,17,14.24,N
3,Tua Tagovailoa,QB,MIA,DEN,20.4,28.36,N
3,Daniel Jones,QB,NYG,SF,15.8,3.98,N
3,Sam Howell,QB,WAS,BUF,15,0.6,N
3,Matthew Stafford,QB,LAR,CIN,15.7,11.46,N
3,Jared Goff,QB,DET,ATL,15.3,18.02,N
3,Jimmy Garoppolo,QB,LV,PIT,14.7,17.66,Y
3,Jordan Love,QB,GB,NO,14,24.26,N
3,Derek Carr,QB,NO,GB,14.3,8.12,Y
3,Mac Jones,QB,NE,NYJ,13.3,13.34,N
3,Baker Mayfield,QB,TB,PHI,14.9,10.04,N
3,Ryan Tannehill,QB,TEN,CLE,13.3,4.16,N
3,Kenny Pickett,QB,PIT,LV,16.1,18.5,N
3,Brock Purdy,QB,SF,NYG,17.6,20.3,N
3,C.J. Stroud,QB,HOU,JAX,14.2,20.6,N
3,Desmond Ridder,QB,ATL,DET,14.3,6.34,N
3,Joshua Dobbs,QB,ARI,DAL,11,17.06,N
3,Raheem Mostert,RB,MIA,DEN,14.1,45.2,N
3,Samaje Perine,RB,DEN,MIA,10,4.4,N
3,Michael Thomas,WR,NO,GB,12.8,11,N
3,Jakobi Meyers,WR,LV,PIT,12.4,15.5,N
3,Nico Collins,WR,HOU,JAX,12.6,5.4,N
3,Gabe Davis,WR,BUF,WAS,11.5,10.3,N
3,Kendrick Bourne,WR,NE,NYJ,10.2,8.6,N
3,Zach Wilson,QB,NYJ,NE,13.4,6.38,N
3,Joshua Kelley,RB,LAC,MIN,14.2,2.7,N
3,Tyler Allgeier,RB,ATL,DET,11.6,4.9,N
3,Kyren Williams,RB,LAR,CIN,18,8.5,N
3,Zack Moss,RB,IND,BAL,13.9,22.5,N
3,Zay Flowers,WR,BAL,IND,12.7,13,N
3,Puka Nacua,WR,LAR,CIN,16.2,12.2,N
3,Jordan Addison,WR,MIN,LAC,10.9,11.2,N
3,Tutu Atwell,WR,LAR,CIN,11.6,17.2,N
3,Gardner Minshew,QB,IND,BAL,15.2,13.08,N
3,Andy Dalton,QB,CAR,SEA,12.7,23.54,N
3,Jerome Ford,RB,CLE,TEN,13.2,19.1,N
3,Gus Edwards,RB,BAL,IND,12.9,5.1,Y
3,Jaylen Warren,RB,PIT,LV,12.3,8.2,N
3,Kenneth Gainwell,RB,PHI,TB,10.4,5.8,N
3,Jayden Reed,WR,GB,NO,10.9,9.3,N
3,Robert Woods,WR,HOU,JAX,10.8,6.4,N
3,Elijah Moore,WR,CLE,TEN,10.5,11.8,N
3,Josh Reynolds,WR,DET,ATL,10,0,N
4,Justin Jefferson,WR,MIN,CAR,22.1,26.5,N
4,Ja'Marr Chase,WR,CIN,TEN,19.7,14.3,N
4,Christian McCaffrey,RB,SF,ARI,21.1,48.7,N
4,Travis Kelce,TE,KC,NYJ,17,12,N
4,Tyreek Hill,WR,MIA,BUF,22.1,10.2,N
4,Bijan Robinson,RB,ATL,JAX,17.7,18.7,N
4,Davante Adams,WR,LV,LAC,20.6,15.5,N
4,Derrick Henry,RB,TEN,CIN,16.9,24.38,N
4,Stefon Diggs,WR,BUF,MIA,17.8,36,N
4,Patrick Mahomes,QB,KC,NYJ,21.2,13.22,N
4,Tony Pollard,RB,DAL,NE,18.6,9,N
4,CeeDee Lamb,WR,DAL,NE,14.8,14.8,N
4,Garrett Wilson,WR,NYJ,KC,13.9,15,N
4,Josh Jacobs,RB,LV,LAC,15.2,27.9,N
4,A.J. Brown,WR,PHI,WAS,15.7,38.5,N
4,Josh Allen,QB,BUF,MIA,20.9,36.5,N
4,Amon-Ra St. Brown,WR,DET,GB,16.7,16.6,N
4,Jalen Hurts,QB,PHI,WAS,21.7,24.16,N
4,Joe Mixon,RB,CIN,TEN,14.7,8.6,N
4,DK Metcalf,WR,SEA,NYG,14.4,12.4,N
4,Jaylen Waddle,WR,MIA,BUF,14.7,8.6,N
4,Tee Higgins,WR,CIN,TEN,14.4,3.9,Y
4,Travis Etienne Jr.,RB,JAX,ATL,17.5,10.2,N
4,Chris Olave,WR,NO,TB,16.8,1.4,N
4,Najee Harris,RB,PIT,HOU,11.2,11.3,N
4,DeVonta Smith,WR,PHI,WAS,14.4,14.8,N
4,Lamar Jackson,QB,BAL,CLE,17.9,28.14,N
4,Aaron Jones,RB,GB,DET,14.1,2.4,N
4,Jahmyr Gibbs,RB,DET,GB,12.5,9.1,N
4,Joe Burrow,QB,CIN,TEN,18.9,4.7,N
4,Deebo Samuel,WR,SF,ARI,16.6,0.6,N
4,Mark Andrews,TE,BAL,CLE,12.2,25,N
4,Rhamondre Stevenson,RB,NE,DAL,12.8,6,N
4,Calvin Ridley,WR,JAX,ATL,14.2,11.8,N
4,Keenan Allen,WR,LAC,LV,19.8,12.2,N
4,Dameon Pierce,RB,HOU,PIT,12.4,11.8,N
4,Amari Cooper,WR,CLE,BAL,12,2.6,N
4,Justin Herbert,QB,LAC,LV,21.9,23.38,N
4,T.J. Hockenson,TE,MIN,CAR,14.1,4.4,N
4,Justin Fields,QB,CHI,DEN,20,27.9,N
4,Darren Waller,TE,NYG,SEA,10.9,5.1,N
4,Christian Watson,WR,GB,DET,11.2,10.5,N
4,DeAndre Hopkins,WR,TEN,CIN,13.1,10.3,N
4,Breece Hall,RB,NYJ,KC,11.4,9.9,N
4,George Kittle,TE,SF,ARI,11.2,1.9,N
4,Kenneth Walker III,RB,SEA,NYG,17.6,13.9,N
4,Alvin Kamara,RB,NO,TB,14.5,21.4,N
4,Rachaad White,RB,TB,NO,12.9,10.8,N
4,Alexander Mattison,RB,MIN,CAR,15.2,10.8,N
4,D.J. Moore,WR,CHI,DEN,12.3,27.1,N
4,Chris Godwin,WR,TB,NO,12.7,19.4,N
4,James Conner,RB,ARI,SF,14.1,6.6,N
4,Miles Sanders,RB,CAR,MIN,15.6,6.2,N
4,Trevor Lawrence,QB,JAX,ATL,15.9,16.48,N
4,James Cook,RB,BUF,MIA,14.9,14.7,N
4,Mike Evans,WR,TB,NO,14.1,7,Y
4,Terry McLaurin,WR,WAS,PHI,12.8,22.6,N
4,Tyler Lockett,WR,SEA,NYG,13.3,9.4,N
4,Javonte Williams,RB,DEN,CHI,12.6,3.9,Y
4,Isiah Pacheco,RB,KC,NYJ,13.3,24.8,N
4,Brandon Aiyuk,WR,SF,ARI,13.8,20.8,N
4,Jerry Jeudy,WR,DEN,CHI,13.4,8.2,N
4,David Montgomery,RB,DET,GB,12.7,34.1,N
4,George Pickens,WR,PIT,HOU,14.2,5.5,N
4,Evan Engram,TE,JAX,ATL,10.4,12.9,N
4,Marquise Brown,WR,ARI,SF,13.3,16.6,N
4,Christian Kirk,WR,JAX,ATL,12,16.4,N
4,Kirk Cousins,QB,MIN,CAR,19.1,9.56,N
4,D'Andre Swift,RB,PHI,WAS,14.3,17.9,N
4,Michael Pittman Jr.,WR,IND,LAR,15,4.5,N
4,Dak Prescott,QB,DAL,NE,14.3,14.34,N
4,Khalil Herbert,RB,CHI,DEN,12.1,22.2,N
4,Courtland Sutton,WR,DEN,CHI,13.8,11.7,N
4,Jahan Dotson,WR,WAS,PHI,10.4,12.7,N
4,Brian Robinson Jr.,RB,WAS,PHI,11.3,13.1,N
4,Geno Smith,QB,SEA,NYG,17.4,9.2,N
4,Russell Wilson,QB,DEN,CHI,18.6,22.22,N
4,Tua Tagovailoa,QB,MIA,BUF,18.5,13.98,N
4,Daniel Jones,QB,NYG,SEA,17.6,8.72,N
4,Anthony Richardson,QB,IND,LAR,20.2,29.6,N
4,Sam Howell,QB,WAS,PHI,14.1,19.6,N
4,Matthew Stafford,QB,LAR,IND,14.4,16.16,N
4,Jared Goff,QB,DET,GB,15,11.4,N
4,Jordan Love,QB,GB,DET,16.8,17.64,N
4,Derek Carr,QB,NO,TB,14.5,3.18,N
4,Mac Jones,QB,NE,DAL,13.6,0.7,N
4,Baker Mayfield,QB,TB,NO,13.4,22.94,N
4,Ryan Tannehill,QB,TEN,CIN,13.8,12.7,N
4,Kenny Pickett,QB,PIT,HOU,16.4,3.46,Y
4,Bryce Young,QB,CAR,MIN,15.4,7.16,N
4,Brock Purdy,QB,SF,ARI,17.9,21.32,N
4,C.J. Stroud,QB,HOU,PIT,15.3,21.84,N
4,Desmond Ridder,QB,ATL,JAX,13.4,6.24,N
4,Joshua Dobbs,QB,ARI,SF,12.5,23.4,N
4,Raheem Mostert,RB,MIA,BUF,14.3,5.5,N
4,Michael Thomas,WR,NO,TB,11.9,9.3,N
4,Jakobi Meyers,WR,LV,LAC,12.2,5.3,N
4,Nico Collins,WR,HOU,PIT,12.2,35.8,N
4,Gabe Davis,WR,BUF,MIA,10.6,15.1,N
4,Kendrick Bourne,WR,NE,DAL,11.1,5.6,N
4,Zach Wilson,QB,NYJ,KC,12.2,19.2,N
4,Joshua Kelley,RB,LAC,LV,13.4,6.5,N
4,Tyler Allgeier,RB,ATL,JAX,10.1,2.2,N
4,Kyren Williams,RB,LAR,IND,18,27.7,N
4,Zack Moss,RB,IND,LAR,14.3,9,N
4,Zay Flowers,WR,BAL,CLE,13.1,8,N
4,Puka Nacua,WR,LAR,IND,14.5,31.3,N
4,Jordan Addison,WR,MIN,CAR,11.1,0,N
4,Tutu Atwell,WR,LAR,IND,13.3,7.4,N
4,Jerome Ford,RB,CLE,BAL,11.9,9.5,N
4,Jaylen Warren,RB,PIT,HOU,10.6,11.5,N
4,Robert Woods,WR,HOU,PIT,10,5.6,N
4,Aidan O'Connell,QB,LV,LAC,15,9.82,N
4,Dorian Thompson-Robinson,QB,CLE,BAL,12.8,1.24,N
4,De'Von Achane,RB,MIA,BUF,12.6,27,N
4,Matt Breida,RB,NYG,SEA,11.2,12.8,N
4,Roschon Johnson,RB,CHI,DEN,11.1,2.5,N
4,Adam Thielen,WR,CAR,MIN,13.1,15.2,N
4,Tank Dell,WR,HOU,PIT,12.2,3.9,N
4,Joshua Palmer,WR,LAC,LV,11.5,10.7,N
4,Tyler Boyd,WR,CIN,TEN,10.4,6.6,N
4,Josh Downs,WR,IND,LAR,10.4,5.4,N
4,D.J. Chark Jr.,WR,CAR,MIN,10.2,4.8,N
4,DeVante Parker,WR,NE,DAL,10.1,5.3,N
4,Sam LaPorta,TE,DET,GB,10.7,9.6,N
5,Justin Jefferson,WR,MIN,KC,23.1,5.8,Y
5,Ja'Marr Chase,WR,CIN,ARI,20.6,52.2,N
5,Christian McCaffrey,RB,SF,DAL,22.2,13.8,N
5,Travis Kelce,TE,KC,MIN,17.7,22.7,N
5,Tyreek Hill,WR,MIA,NYG,20.5,32.1,N
5,Bijan Robinson,RB,ATL,HOU,18.4,11.8,N
5,Davante Adams,WR,LV,GB,22.2,8.5,N
5,Derrick Henry,RB,TEN,IND,14.8,9.2,N
5,Stefon Diggs,WR,BUF,JAX,18.1,24.1,N
5,Patrick Mahomes,QB,KC,MIN,22.4,19.24,N
5,Cooper Kupp,WR,LAR,PHI,17.1,19.8,N
5,Tony Pollard,RB,DAL,SF,18,8.4,N
5,CeeDee Lamb,WR,DAL,SF,16.3,8.9,N
5,Garrett Wilson,WR,NYJ,DEN,17.1,8.4,N
5,Josh Jacobs,RB,LV,GB,18.3,19.9,N
5,A.J. Brown,WR,PHI,LAR,18.8,18.7,N
5,Josh Allen,QB,BUF,JAX,20.7,27.76,N
5,Jalen Hurts,QB,PHI,LAR,21.9,27.32,N
5,Joe Mixon,RB,CIN,ARI,14.8,13.4,N
5,Jaylen Waddle,WR,MIA,NYG,13.5,14.5,N
5,Travis Etienne Jr.,RB,JAX,BUF,14.9,36.4,N
5,Chris Olave,WR,NO,NE,15,9.2,N
5,DeVonta Smith,WR,PHI,LAR,15.1,1.6,N
5,Lamar Jackson,QB,BAL,PIT,20.8,9.94,N
5,Joe Burrow,QB,CIN,ARI,18.3,23.38,N
5,Deebo Samuel,WR,SF,DAL,15.9,11.5,N
5,Mark Andrews,TE,BAL,PIT,12.5,12.5,N
5,Rhamondre Stevenson,RB,NE,NO,12.9,2.4,N
5,Calvin Ridley,WR,JAX,BUF,12.3,20.6,N
5,Dameon Pierce,RB,HOU,ATL,12.4,9.2,N
5,T.J. Hockenson,TE,MIN,KC,14.3,10.1,N
5,Justin Fields,QB,CHI,WAS,17.5,32.98,N
5,Darren Waller,TE,NYG,MIA,10.1,16.6,N
5,Christian Watson,WR,GB,LV,12,11.6,N
5,DeAndre Hopkins,WR,TEN,IND,13,22,N
5,Breece Hall,RB,NYJ,DEN,13.1,28.4,N
5,George Kittle,TE,SF,DAL,10.3,27.7,N
5,Alvin Kamara,RB,NO,NE,16.8,18.7,N
5,Alexander Mattison,RB,MIN,KC,13.7,12.6,N
5,D.J. Moore,WR,CHI,WAS,14.5,49,N
5,James Conner,RB,ARI,CIN,14.9,4.6,Y
5,Miles Sanders,RB,CAR,DET,13,1.2,Y
5,Trevor Lawrence,QB,JAX,BUF,15,15.7,N
5,James Cook,RB,BUF,JAX,14.8,5.1,N
5,Terry McLaurin,WR,WAS,CHI,13.2,8.9,N
5,Jonathan Taylor,RB,IND,TEN,12.9,4.4,N
5,Isiah Pacheco,RB,KC,MIN,14.9,13.4,N
5,Brandon Aiyuk,WR,SF,DAL,15.5,9.8,N
5,Jerry Jeudy,WR,DEN,NYJ,11.9,11,N
5,David Montgomery,RB,DET,CAR,17.8,20.9,N
5,George Pickens,WR,PIT,BAL,13.1,26.6,N
5,Evan Engram,TE,JAX,BUF,10.2,6.8,N
5,Marquise Brown,WR,ARI,CIN,14.2,16.1,N
5,Christian Kirk,WR,JAX,BUF,12,14.4,N
5,Kirk Cousins,QB,MIN,KC,17.8,19.86,N
5,D'Andre Swift,RB,PHI,LAR,15.8,16.8,N
5,Michael Pittman Jr.,WR,IND,TEN,13,10.2,N
5,Dak Prescott,QB,DAL,SF,15.7,4.32,N
5,Khalil Herbert,RB,CHI,WAS,11.9,7.6,Y
5,Courtland Sutton,WR,DEN,NYJ,11.7,2.3,N
5,Jahan Dotson,WR,WAS,CHI,10.3,6,N
5,Brian Robinson Jr.,RB,WAS,CHI,14,8.3,N
5,Russell Wilson,QB,DEN,NYJ,17.7,18.74,N
5,Tua Tagovailoa,QB,MIA,NYG,19,16.92,N
5,Daniel Jones,QB,NYG,MIA,15.8,7.16,Y
5,Anthony Richardson,QB,IND,TEN,20.6,4.42,Y
5,Sam Howell,QB,WAS,CHI,16.3,25.42,N
5,Matthew Stafford,QB,LAR,PHI,15.8,16.88,N
5,Jared Goff,QB,DET,CAR,14.8,27.44,N
5,Jimmy Garoppolo,QB,LV,GB,15,10.72,N
5,Jordan Love,QB,GB,LV,18.2,4.98,N
5,Derek Carr,QB,NO,NE,13.5,15.72,N
5,Mac Jones,QB,NE,NO,12.8,-1.6,N
5,Ryan Tannehill,QB,TEN,IND,14.4,9.76,N
5,Kenny Pickett,QB,PIT,BAL,12.7,12.36,N
5,Bryce Young,QB,CAR,DET,12.3,18.28,N
5,Brock Purdy,QB,SF,DAL,16.5,26.08,N
5,C.J. Stroud,QB,HOU,ATL,16.8,14.16,N
5,Desmond Ridder,QB,ATL,HOU,13.4,26.16,N
5,Joshua Dobbs,QB,ARI,CIN,18.4,8.74,N
5,Raheem Mostert,RB,MIA,NYG,14.5,15.8,N
5,Samaje Perine,RB,DEN,NYJ,11.7,11.5,N
5,Michael Thomas,WR,NO,NE,11.3,10.5,N
5,Jakobi Meyers,WR,LV,GB,12.2,20.5,N
5,Nico Collins,WR,HOU,ATL,13.9,6.9,N
5,Zach Wilson,QB,NYJ,DEN,17.4,8.56,N
5,Kyren Williams,RB,LAR,PHI,17.5,7.7,N
5,Zay Flowers,WR,BAL,PIT,12.1,12.3,N
5,Puka Nacua,WR,LAR,PHI,14.6,20.1,N
5,Zay Jones,WR,JAX,BUF,10.4,11.3,Y
5,Jordan Addison,WR,MIN,KC,10.4,18.4,N
5,Tutu Atwell,WR,LAR,PHI,10.6,8.9,N
5,Romeo Doubs,WR,GB,LV,10.9,1.4,N
5,Jaylen Warren,RB,PIT,BAL,11.7,10.9,N
5,Robert Woods,WR,HOU,ATL,10,6,N
5,De'Von Achane,RB,MIA,NYG,16.2,21.5,Y
5,Matt Breida,RB,NYG,MIA,12.5,3.4,N
5,Adam Thielen,WR,CAR,DET,14.1,27.7,N
5,Tank Dell,WR,HOU,ATL,11.8,8.3,Y
5,Tyler Boyd,WR,CIN,ARI,11.7,9.9,N
5,Sam LaPorta,TE,DET,CAR,10.5,19.7,N
5,Jaleel McLaughlin,RB,DEN,NYJ,11.2,17.9,N
5,Rashee Rice,WR,KC,MIN,10.3,13.3,N
5,Jake Ferguson,TE,DAL,SF,10.2,5.8,N
6,Ja'Marr Chase,WR,CIN,SEA,21.7,14,N
6,Christian McCaffrey,RB,SF,CLE,22.7,14.2,Y
6,Austin Ekeler,RB,LAC,DAL,19,10.2,N
6,Travis Kelce,TE,KC,DEN,18,21.4,N
6,Tyreek Hill,WR,MIA,CAR,21.9,28.3,N
6,Bijan Robinson,RB,ATL,WAS,17.6,13,N
6,Davante Adams,WR,LV,NE,19.6,4.9,N
6,Saquon Barkley,RB,NYG,BUF,15.8,13.8,N
6,Derrick Henry,RB,TEN,BAL,13.8,19.3,N
6,Stefon Diggs,WR,BUF,NYG,18.8,20,N
6,Patrick Mahomes,QB,KC,DEN,24.5,17.34,N
6,Cooper Kupp,WR,LAR,ARI,20.2,27.8,N
6,Tony Pollard,RB,DAL,LAC,18.5,17,N
6,CeeDee Lamb,WR,DAL,LAC,15.3,18.7,N
6,Garrett Wilson,WR,NYJ,PHI,14.8,17,N
6,Josh Jacobs,RB,LV,NE,18.2,11.3,N
6,A.J. Brown,WR,PHI,NYJ,16.9,20.1,N
6,Josh Allen,QB,BUF,NYG,22.9,13.86,N
6,Amon-Ra St. Brown,WR,DET,TB,15.7,30.4,N
6,Jalen Hurts,QB,PHI,NYJ,21.6,19.9,N
6,Joe Mixon,RB,CIN,SEA,14.2,9.2,N
6,DK Metcalf,WR,SEA,CIN,13.8,10.9,N
6,Jaylen Waddle,WR,MIA,CAR,14.9,18.1,N
6,Tee Higgins,WR,CIN,SEA,14,4,N
6,Travis Etienne Jr.,RB,JAX,IND,17,23.3,N
6,Chris Olave,WR,NO,HOU,14.3,16.6,N
6,DeVonta Smith,WR,PHI,NYJ,14.3,9.4,N
6,Lamar Jackson,QB,BAL,TEN,21.4,17.12,N
6,Joe Burrow,QB,CIN,SEA,17.8,13.8,N
6,Deebo Samuel,WR,SF,CLE,14.4,1.1,Y
6,Mark Andrews,TE,BAL,TEN,13,10.9,N
6,Rhamondre Stevenson,RB,NE,LV,12.2,18,N
6,Calvin Ridley,WR,JAX,IND,14,6.6,N
6,Keenan Allen,WR,LAC,DAL,17.7,21.5,N
6,Dameon Pierce,RB,HOU,NO,12.6,3.4,N
6,Amari Cooper,WR,CLE,SF,13.4,14.8,N
6,Justin Herbert,QB,LAC,DAL,18.6,19.08,N
6,T.J. Hockenson,TE,MIN,CHI,14.6,11,N
6,Justin Fields,QB,CHI,MIN,20.3,4.92,Y
6,Darren Waller,TE,NYG,BUF,11.5,9.3,N
6,DeAndre Hopkins,WR,TEN,BAL,14.8,3,N
6,Breece Hall,RB,NYJ,PHI,13.3,20.3,N
6,George Kittle,TE,SF,CLE,10,1.1,N
6,Kenneth Walker III,RB,SEA,CIN,16.7,17.9,N
6,Alvin Kamara,RB,NO,HOU,17.9,17.4,N
6,Rachaad White,RB,TB,DET,12,6.8,N
6,Alexander Mattison,RB,MIN,CHI,13.6,11.2,N
6,D.J. Moore,WR,CHI,MIN,17,10.1,N
6,Chris Godwin,WR,TB,DET,13.9,13.7,N
6,Trevor Lawrence,QB,JAX,IND,17.5,14.74,Y
6,James Cook,RB,BUF,NYG,14.5,7.1,N
6,Dallas Goedert,TE,PHI,NYJ,10.2,9.2,N
6,Mike Evans,WR,TB,DET,16.9,8.9,N
6,Terry McLaurin,WR,WAS,ATL,11.6,14.1,N
6,Jonathan Taylor,RB,IND,JAX,11.9,11.5,N
6,Tyler Lockett,WR,SEA,CIN,13.8,15.4,N
6,Javonte Williams,RB,DEN,KC,10.2,7.2,N
6,Isiah Pacheco,RB,KC,DEN,17.5,15.8,N
6,Brandon Aiyuk,WR,SF,CLE,14.5,11.6,N
6,Jerry Jeudy,WR,DEN,KC,12.8,4.4,N
6,David Montgomery,RB,DET,TB,19.3,4.3,Y
6,Drake London,WR,ATL,WAS,10.2,21.5,N
6,Evan Engram,TE,JAX,IND,10.6,11.1,N
6,Marquise Brown,WR,ARI,LAR,14.6,7.4,N
6,Christian Kirk,WR,JAX,IND,13.7,13.9,N
6,Kirk Cousins,QB,MIN,CHI,20.1,8.74,N
6,D'Andre Swift,RB,PHI,NYJ,15.9,17.8,N
6,Michael Pittman Jr.,WR,IND,JAX,14.7,19.9,N
6,Dak Prescott,QB,DAL,LAC,16.2,24.88,N
6,Courtland Sutton,WR,DEN,KC,12.5,14.6,N
6,Brian Robinson Jr.,RB,WAS,ATL,10.5,13.6,N
6,Geno Smith,QB,SEA,CIN,16.3,11.04,N
6,Russell Wilson,QB,DEN,KC,16.7,6.9,N
6,Tua Tagovailoa,QB,MIA,CAR,20.3,22.48,N
6,Sam Howell,QB,WAS,ATL,14,18.34,N
6,Matthew Stafford,QB,LAR,ARI,16.9,13.24,N
6,Jared Goff,QB,DET,TB,14,22.42,N
6,Jimmy Garoppolo,QB,LV,NE,12.8,8.88,Y
6,Derek Carr,QB,NO,HOU,14.6,16.32,N
6,Mac Jones,QB,NE,LV,13,5.9,N
6,Baker Mayfield,QB,TB,DET,15.9,6.84,N
6,Ryan Tannehill,QB,TEN,BAL,13.3,1.04,Y
6,Bryce Young,QB,CAR,MIA,14.9,12.68,N
6,Brock Purdy,QB,SF,CLE,15.9,7.7,N
6,C.J. Stroud,QB,HOU,NO,15.8,14.16,N
6,Desmond Ridder,QB,ATL,WAS,14.6,16.08,N
6,Joshua Dobbs,QB,ARI,LAR,16.3,10.1,N
6,Raheem Mostert,RB,MIA,CAR,18.2,34.2,N
6,Michael Thomas,WR,NO,HOU,12.7,9.5,N
6,Jakobi Meyers,WR,LV,NE,14,17.1,N
6,Nico Collins,WR,HOU,NO,15,12,N
6,Gabe Davis,WR,BUF,NYG,10.9,3.1,N
6,Kendrick Bourne,WR,NE,LV,10.3,19.3,N
6,Zach Wilson,QB,NYJ,PHI,13.6,10.94,N
6,Tyler Allgeier,RB,ATL,WAS,10,5.1,N
6,Kyren Williams,RB,LAR,ARI,18.8,21.8,N
6,Zack Moss,RB,IND,JAX,10.4,17.9,N
6,Zay Flowers,WR,BAL,TEN,13.6,17.1,N
6,Puka Nacua,WR,LAR,ARI,15.5,6.6,N
6,Jordan Addison,WR,MIN,CHI,13.3,11.8,N
6,Tutu Atwell,WR,LAR,ARI,10.5,4,N
6,Gardner Minshew,QB,IND,JAX,13.9,9.56,N
6,Jerome Ford,RB,CLE,SF,12.6,11.1,N
6,Robert Woods,WR,HOU,NO,10.8,7.6,N
6,Elijah Moore,WR,CLE,SF,11.1,6.7,N
6,Adam Thielen,WR,CAR,MIA,15.8,28.5,N
6,Joshua Palmer,WR,LAC,DAL,11.6,10,N
6,Josh Downs,WR,IND,JAX,11.4,13.1,N
6,Sam LaPorta,TE,DET,TB,10.4,7.6,N
6,Tyrod Taylor,QB,NYG,BUF,13,10.4,N
6,Chuba Hubbard,RB,CAR,MIA,12.1,16,N
6,D'Onta Foreman,RB,CHI,MIN,10.6,7.7,N
6,Emari Demercado,RB,ARI,LAR,10,2.7,N
6,K.J. Osborn,WR,MIN,CHI,12.9,8.8,N
6,Jonathan Mingo,WR,CAR,MIA,10.1,4.1,N
6,Cole Kmet,TE,CHI,MIN,10.7,2.9,N
6,P.J. Walker,QB,CLE,SF,12.2,3.78,N
7,Christian McCaffrey,RB,SF,MIN,23.4,22.6,N
7,Austin Ekeler,RB,LAC,KC,18.7,5.6,N
7,Travis Kelce,TE,KC,LAC,18.3,35.9,N
7,Tyreek Hill,WR,MIA,PHI,24.3,25.8,N
7,Bijan Robinson,RB,ATL,TB,15.6,0.3,Y
7,Davante Adams,WR,LV,CHI,16.2,12.7,N
7,Saquon Barkley,RB,NYG,WAS,18.2,18.8,N
7,Stefon Diggs,WR,BUF,NE,19.5,17.8,N
7,Patrick Mahomes,QB,KC,LAC,22.8,33.86,N
7,Cooper Kupp,WR,LAR,PIT,20.7,6.9,N
7,Josh Jacobs,RB,LV,CHI,17.8,5.1,N
7,A.J. Brown,WR,PHI,MIA,18.9,29.7,N
7,Josh Allen,QB,BUF,NE,19.7,24.3,N
7,Amon-Ra St. Brown,WR,DET,BAL,18.1,23.2,N
7,Jalen Hurts,QB,PHI,MIA,23.5,23.26,N
7,Jaylen Waddle,WR,MIA,PHI,16.6,12.3,N
7,Travis Etienne Jr.,RB,JAX,NO,16.3,22.7,N
7,Chris Olave,WR,NO,JAX,14.2,12.7,N
7,DeVonta Smith,WR,PHI,MIA,14.7,8.9,N
7,Lamar Jackson,QB,BAL,DET,19.1,33.88,N
7,Aaron Jones,RB,GB,DEN,15.7,8.7,N
7,Jahmyr Gibbs,RB,DET,BAL,15.9,27.6,N
7,Mark Andrews,TE,BAL,DET,12.5,22.3,N
7,Rhamondre Stevenson,RB,NE,BUF,12.6,14.5,N
7,Calvin Ridley,WR,JAX,NO,14,1.5,N
7,Keenan Allen,WR,LAC,KC,19,9.5,N
7,Amari Cooper,WR,CLE,IND,12.8,4.2,N
7,Justin Herbert,QB,LAC,KC,18.9,10.86,N
7,T.J. Hockenson,TE,MIN,SF,14.3,19.6,N
7,Darren Waller,TE,NYG,WAS,10.8,22.8,N
7,Christian Watson,WR,GB,DEN,12.5,5.7,N
7,George Kittle,TE,SF,MIN,10.4,13,N
7,Kenneth Walker III,RB,SEA,ARI,20.9,13.1,N
7,Alvin Kamara,RB,NO,JAX,16.7,29.3,N
7,Rachaad White,RB,TB,ATL,11.8,15.9,N
7,Diontae Johnson,WR,PIT,LAR,12.6,12.9,N
7,Alexander Mattison,RB,MIN,SF,12.6,6.2,N
7,D.J. Moore,WR,CHI,LV,13.7,13.4,N
7,Chris Godwin,WR,TB,ATL,12.2,12.6,N
7,Trevor Lawrence,QB,JAX,NO,15.1,18.06,N
7,James Cook,RB,BUF,NE,12.8,19.2,N
7,Dallas Goedert,TE,PHI,MIA,12,18.7,N
7,Mike Evans,WR,TB,ATL,15.9,20.2,N
7,Terry McLaurin,WR,WAS,NYG,13.1,15,N
7,Deshaun Watson,QB,CLE,IND,16.3,-1.8,Y
7,Jonathan Taylor,RB,IND,CLE,13.2,21,N
7,Tyler Lockett,WR,SEA,ARI,14.8,7.8,N
7,Isiah Pacheco,RB,KC,LAC,16.2,16,N
7,Brandon Aiyuk,WR,SF,MIN,15.9,10.7,N
7,Jerry Jeudy,WR,DEN,GB,10.6,11.4,N
7,Drake London,WR,ATL,TB,12.4,11.4,N
7,George Pickens,WR,PIT,LAR,12.4,15.7,N
7,Evan Engram,TE,JAX,NO,10.6,9.5,N
7,Marquise Brown,WR,ARI,SEA,14.9,7.9,N
7,Christian Kirk,WR,JAX,NO,13.3,19,N
7,Kirk Cousins,QB,MIN,SF,15.7,21.02,N
7,D'Andre Swift,RB,PHI,MIA,15.8,10.5,N
7,Michael Pittman Jr.,WR,IND,CLE,14,16.3,N
7,Courtland Sutton,WR,DEN,GB,12.2,19.6,N
7,Jaxon Smith-Njigba,WR,SEA,ARI,10.7,16.3,N
7,Brian Robinson Jr.,RB,WAS,NYG,11.6,8.3,N
7,Geno Smith,QB,SEA,ARI,16.8,13.76,N
7,Russell Wilson,QB,DEN,GB,16.2,13.86,N
7,Tua Tagovailoa,QB,MIA,PHI,20.3,10.34,N
7,Sam Howell,QB,WAS,NYG,15.6,9.46,N
7,Matthew Stafford,QB,LAR,PIT,15.2,14.04,N
7,Jared Goff,QB,DET,BAL,14.8,9.36,N
7,Jordan Love,QB,GB,DEN,17.8,15.3,N
7,Derek Carr,QB,NO,JAX,14.2,17.44,N
7,Mac Jones,QB,NE,BUF,11,19.98,N
7,Baker Mayfield,QB,TB,ATL,16,16.2,N
7,Kenny Pickett,QB,PIT,LAR,14.8,15.2,N
7,Brock Purdy,QB,SF,MIN,16.7,12.78,N
7,Desmond Ridder,QB,ATL,TB,13.3,13.8,N
7,Joshua Dobbs,QB,ARI,SEA,15.3,16.14,N
7,Raheem Mostert,RB,MIA,PHI,18.3,6.1,N
7,Michael Thomas,WR,NO,JAX,12,13.2,N
7,Jakobi Meyers,WR,LV,CHI,13.4,18,N
7,Kendrick Bourne,WR,NE,BUF,10.8,16.3,N
7,Zay Flowers,WR,BAL,DET,14.1,11.5,N
7,Puka Nacua,WR,LAR,PIT,16.1,23.4,N
7,Jordan Addison,WR,MIN,SF,13.9,31.3,N
7,Gardner Minshew,QB,IND,CLE,11.5,27.1,N
7,Jerome Ford,RB,CLE,IND,12.1,17.4,Y
7,Jaylen Warren,RB,PIT,LAR,10.3,10.1,N
7,Elijah Moore,WR,CLE,IND,10.8,9.9,N
7,Joshua Palmer,WR,LAC,KC,11.9,18.3,N
7,Sam LaPorta,TE,DET,BAL,12.3,11.2,N
7,Rashee Rice,WR,KC,LAC,10,17,N
7,Tyrod Taylor,QB,NYG,WAS,13.7,21.66,N
7,D'Onta Foreman,RB,CHI,LV,10.6,33,N
7,K.J. Osborn,WR,MIN,SF,12.1,9.7,N
7,Brian Hoyer,QB,LV,CHI,14,1.16,N
7,Tyson Bagent,QB,CHI,LV,12,12.88,N
7,Curtis Samuel,WR,WAS,NYG,10.1,6.5,N
8,Ja'Marr Chase,WR,CIN,SF,21.9,25.2,N
8,Christian McCaffrey,RB,SF,CIN,22.4,29.8,N
8,Austin Ekeler,RB,LAC,CHI,18.5,23.3,N
8,Travis Kelce,TE,KC,DEN,19.4,11.8,N
8,Tyreek Hill,WR,MIA,NE,22.3,25.2,N
8,Bijan Robinson,RB,ATL,TEN,16.2,12.2,N
8,Davante Adams,WR,LV,DET,17.8,2.1,N
8,Saquon Barkley,RB,NYG,NYJ,16.8,15.8,N
8,Derrick Henry,RB,TEN,ATL,13.7,16.2,N
8,Stefon Diggs,WR,BUF,TB,20.4,16,N
8,Patrick Mahomes,QB,KC,DEN,24.3,5.6,N
8,Cooper Kupp,WR,LAR,DAL,19.1,6.1,N
8,Tony Pollard,RB,DAL,LAR,19.1,6.5,N
8,CeeDee Lamb,WR,DAL,LAR,15.9,41,N
8,Garrett Wilson,WR,NYJ,NYG,14.5,17.6,N
8,Josh Jacobs,RB,LV,DET,16.3,16.8,N
8,A.J. Brown,WR,PHI,WAS,19.2,33,N
8,Josh Allen,QB,BUF,TB,21.3,29.06,N
8,Amon-Ra St. Brown,WR,DET,LV,17.6,16.8,N
8,Jalen Hurts,QB,PHI,WAS,22.8,27.36,N
8,Joe Mixon,RB,CIN,SF,13.6,20,N
8,DK Metcalf,WR,SEA,CLE,13.4,11.7,N
8,Jaylen Waddle,WR,MIA,NE,15.5,25.1,N
8,Tee Higgins,WR,CIN,SF,13.1,11.9,N
8,Travis Etienne Jr.,RB,JAX,PIT,18.3,25.9,N
8,Chris Olave,WR,NO,IND,14.8,9.6,N
8,Najee Harris,RB,PIT,JAX,10.2,10.5,N
8,DeVonta Smith,WR,PHI,WAS,12.9,22.9,N
8,Lamar Jackson,QB,BAL,ARI,23.5,11.98,N
8,Aaron Jones,RB,GB,MIN,13.5,8.6,N
8,Jahmyr Gibbs,RB,DET,LV,19.2,29.9,N
8,Joe Burrow,QB,CIN,SF,16.4,27.62,N
8,Mark Andrews,TE,BAL,ARI,12.9,14,N
8,Rhamondre Stevenson,RB,NE,MIA,13.9,7,N
8,Calvin Ridley,WR,JAX,PIT,12.7,14.3,N
8,Keenan Allen,WR,LAC,CHI,18,14.9,N
8,Dameon Pierce,RB,HOU,CAR,10.9,4.6,N
8,Amari Cooper,WR,CLE,SEA,11.9,14.9,N
8,Justin Herbert,QB,LAC,CHI,19.7,24.02,N
8,T.J. Hockenson,TE,MIN,GB,15.2,20.8,N
8,Darren Waller,TE,NYG,NYJ,11.6,1.4,Y
8,Christian Watson,WR,GB,MIN,12.1,6.3,N
8,DeAndre Hopkins,WR,TEN,ATL,12.7,34.8,N
8,Breece Hall,RB,NYJ,NYG,15.7,21.3,N
8,George Kittle,TE,SF,CIN,11.3,23.9,N
8,Kenneth Walker III,RB,SEA,CLE,16.1,8,N
8,Alvin Kamara,RB,NO,IND,17.9,27,N
8,Rachaad White,RB,TB,BUF,12.7,17.9,N
8,Diontae Johnson,WR,PIT,JAX,12.7,16.5,N
8,Alexander Mattison,RB,MIN,GB,12.3,4.3,N
8,D.J. Moore,WR,CHI,LAC,16.9,9.5,N
8,Chris Godwin,WR,TB,BUF,14,17.8,N
8,Miles Sanders,RB,CAR,HOU,11.7,0,N
8,Trevor Lawrence,QB,JAX,PIT,16.9,14.68,N
8,James Cook,RB,BUF,TB,13.3,8.3,N
8,Dallas Goedert,TE,PHI,WAS,10.7,7.6,N
8,Mike Evans,WR,TB,BUF,16.9,12.9,N
8,Terry McLaurin,WR,WAS,PHI,14.4,17.3,N
8,Jonathan Taylor,RB,IND,NO,18.6,10.7,N
8,Tyler Lockett,WR,SEA,CLE,11.7,22.1,N
8,Javonte Williams,RB,DEN,KC,11.7,18.8,N
8,Isiah Pacheco,RB,KC,DEN,17.1,6.7,N
8,Brandon Aiyuk,WR,SF,CIN,15.8,15.9,N
8,Jerry Jeudy,WR,DEN,KC,11.3,13,N
8,Drake London,WR,ATL,TEN,11.7,10.5,Y
8,George Pickens,WR,PIT,JAX,13.1,9.2,N
8,Evan Engram,TE,JAX,PIT,10.8,16.8,N
8,Marquise Brown,WR,ARI,BAL,13.4,15.3,N
8,Christian Kirk,WR,JAX,PIT,13.8,8.6,N
8,Kirk Cousins,QB,MIN,GB,17.4,19.86,Y
8,D'Andre Swift,RB,PHI,WAS,15.7,14.4,N
8,Michael Pittman Jr.,WR,IND,NO,13.2,18,N
8,Dak Prescott,QB,DAL,LAR,16.6,28.06,N
8,Courtland Sutton,WR,DEN,KC,12.5,10.9,N
8,Geno Smith,QB,SEA,CLE,13.8,13.86,N
8,Russell Wilson,QB,DEN,KC,15.5,17.56,N
8,Tua Tagovailoa,QB,MIA,NE,18.9,21.76,N
8,Sam Howell,QB,WAS,PHI,15.5,30.98,N
8,Matthew Stafford,QB,LAR,DAL,14.8,11.38,Y
8,Jared Goff,QB,DET,LV,16,12.68,N
8,Jimmy Garoppolo,QB,LV,DET,13.5,4.24,N
8,Jordan Love,QB,GB,MIN,14.9,14.56,N
8,Derek Carr,QB,NO,IND,14.2,18.3,N
8,Mac Jones,QB,NE,MIA,13.4,12.24,N
8,Baker Mayfield,QB,TB,BUF,16.2,21.38,N
8,Kenny Pickett,QB,PIT,JAX,14.1,3.92,Y
8,Bryce Young,QB,CAR,HOU,14.1,14.5,N
8,Brock Purdy,QB,SF,CIN,16.8,18.3,N
8,C.J. Stroud,QB,HOU,CAR,17.8,12.9,N
8,Desmond Ridder,QB,ATL,TEN,13.9,3.44,N
8,Joshua Dobbs,QB,ARI,BAL,13.7,22.92,N
8,Raheem Mostert,RB,MIA,NE,17.1,10.6,N
8,Michael Thomas,WR,NO,IND,11.2,10.8,N
8,Jakobi Meyers,WR,LV,DET,15.8,2.9,N
8,Nico Collins,WR,HOU,CAR,13.5,7,N
8,Kendrick Bourne,WR,NE,MIA,10.6,12.6,Y
8,Zach Wilson,QB,NYJ,NYG,12.6,12.1,N
8,Zay Flowers,WR,BAL,ARI,14.6,6.9,N
8,Puka Nacua,WR,LAR,DAL,17.2,7.3,N
8,Jordan Addison,WR,MIN,GB,14.9,21.4,N
8,Gardner Minshew,QB,IND,NO,13.1,14.82,N
8,Gus Edwards,RB,BAL,ARI,11.8,29.4,N
8,Roschon Johnson,RB,CHI,LAC,10,6.1,N
8,Adam Thielen,WR,CAR,HOU,17.2,15.2,N
8,Tank Dell,WR,HOU,CAR,12.1,6.1,N
8,Joshua Palmer,WR,LAC,CHI,10.7,5.4,N
8,Josh Downs,WR,IND,NO,10.6,14.2,N
8,Sam LaPorta,TE,DET,LV,11.7,19.7,N
8,Rashee Rice,WR,KC,DEN,10.6,9.6,N
8,Tyrod Taylor,QB,NYG,NYJ,14.1,3.62,Y
8,Emari Demercado,RB,ARI,BAL,11.5,8.9,N
8,K.J. Osborn,WR,MIN,GB,11.2,17.9,N
8,Tyson Bagent,QB,CHI,LAC,14.3,11.18,N
8,Curtis Samuel,WR,WAS,PHI,10.5,6.2,N
8,Will Levis,QB,TEN,ATL,10.6,26.62,N
8,P.J. Walker,QB,CLE,SEA,10.3,10.62,N
8,Darrell Henderson Jr.,RB,LAR,DAL,12.2,11.5,N
8,Dalton Kincaid,TE,BUF,TB,10.3,17.4,N
8,Dalton Schultz,TE,HOU,CAR,10.2,2.5,N
9,Ja'Marr Chase,WR,CIN,BUF,22.9,8.1,N
9,Austin Ekeler,RB,LAC,NYJ,18.3,21,N
9,Travis Kelce,TE,KC,MIA,19.5,4.4,N
9,Tyreek Hill,WR,MIA,KC,24.5,12.5,N
9,Bijan Robinson,RB,ATL,MIN,15.3,5.9,N
9,Davante Adams,WR,LV,NYG,14,7.4,N
9,Saquon Barkley,RB,NYG,LV,18.3,14.3,N
9,Derrick Henry,RB,TEN,PIT,16,19.2,N
9,Stefon Diggs,WR,BUF,CIN,22.9,22.6,N
9,Patrick Mahomes,QB,KC,MIA,21.8,15.8,N
9,Cooper Kupp,WR,LAR,GB,16.6,6.8,N
9,Tony Pollard,RB,DAL,PHI,15.9,9.3,N
9,CeeDee Lamb,WR,DAL,PHI,19,28.1,N
9,Garrett Wilson,WR,NYJ,LAC,16.1,13,N
9,Josh Jacobs,RB,LV,NYG,16.9,21.8,N
9,A.J. Brown,WR,PHI,DAL,20,19.6,N
9,Josh Allen,QB,BUF,CIN,22.5,24.72,N
9,Jalen Hurts,QB,PHI,DAL,21,25.88,N
9,Joe Mixon,RB,CIN,BUF,15.2,17.8,N
9,DK Metcalf,WR,SEA,BAL,14.7,6,N
9,Jaylen Waddle,WR,MIA,KC,16.2,8.4,N
9,Tee Higgins,WR,CIN,BUF,12.5,19,N
9,Chris Olave,WR,NO,CHI,14.9,16.6,N
9,Najee Harris,RB,PIT,TEN,10.6,15.6,N
9,DeVonta Smith,WR,PHI,DAL,13.4,14.1,N
9,Lamar Jackson,QB,BAL,SEA,20.3,11.48,N
9,Aaron Jones,RB,GB,LAR,13.6,17.9,N
9,Joe Burrow,QB,CIN,BUF,18.2,22.32,N
9,Mark Andrews,TE,BAL,SEA,12.2,17,N
9,Rhamondre Stevenson,RB,NE,WAS,14.8,22.9,N
9,Keenan Allen,WR,LAC,NYJ,17.6,15.7,N
9,Amari Cooper,WR,CLE,ARI,12.5,24.9,N
9,Justin Herbert,QB,LAC,NYJ,18,7.14,N
9,T.J. Hockenson,TE,MIN,ATL,12.5,13.9,N
9,Christian Watson,WR,GB,LAR,11.1,4.7,N
9,DeAndre Hopkins,WR,TEN,PIT,14.4,10.5,N
9,Breece Hall,RB,NYJ,LAC,16.2,10,N
9,Kenneth Walker III,RB,SEA,BAL,15.2,2.7,N
9,Alvin Kamara,RB,NO,CHI,18.2,11,N
9,Rachaad White,RB,TB,HOU,13.3,27.9,N
9,Diontae Johnson,WR,PIT,TEN,13.9,22,N
9,Alexander Mattison,RB,MIN,ATL,10.5,17.3,N
9,D.J. Moore,WR,CHI,NO,14.5,5.4,N
9,Chris Godwin,WR,TB,HOU,13.3,3.6,N
9,James Cook,RB,BUF,CIN,12.8,7.9,N
9,Dallas Goedert,TE,PHI,DAL,10.8,8,Y
9,Mike Evans,WR,TB,HOU,15.2,12.7,N
9,Terry McLaurin,WR,WAS,NE,14.9,12.3,N
9,Deshaun Watson,QB,CLE,ARI,15.4,18.96,N
9,Jonathan Taylor,RB,IND,CAR,16.6,17.9,N
9,Tyler Lockett,WR,SEA,BAL,13,6.2,N
9,Isiah Pacheco,RB,KC,MIA,13.7,6.6,N
9,George Pickens,WR,PIT,TEN,13.8,1.9,N
9,Marquise Brown,WR,ARI,CLE,12.5,6.4,N
9,D'Andre Swift,RB,PHI,DAL,14.5,9.4,N
9,Michael Pittman Jr.,WR,IND,CAR,14.2,14.4,N
9,Dak Prescott,QB,DAL,PHI,17.4,28.36,N
9,David Njoku,TE,CLE,ARI,10.4,12.6,N
9,Jahan Dotson,WR,WAS,NE,11.3,16.9,N
9,Geno Smith,QB,SEA,BAL,14,2.68,N
9,Tua Tagovailoa,QB,MIA,KC,19.2,12.42,N
9,Daniel Jones,QB,NYG,LV,13.9,1.9,Y
9,Sam Howell,QB,WAS,NE,16.5,17.7,N
9,Jordan Love,QB,GB,LAR,14.7,13.82,N
9,Derek Carr,QB,NO,CHI,14.5,16.74,N
9,Mac Jones,QB,NE,WAS,13.4,11.1,N
9,Baker Mayfield,QB,TB,HOU,16,19,N
9,Kenny Pickett,QB,PIT,TEN,15.4,10.3,N
9,Bryce Young,QB,CAR,IND,14.7,9.02,N
9,C.J. Stroud,QB,HOU,TB,16.2,41.8,N
9,Raheem Mostert,RB,MIA,KC,15.9,14.5,N
9,Michael Thomas,WR,NO,CHI,10.9,0,N
9,Jakobi Meyers,WR,LV,NYG,12.3,13.5,N
9,Nico Collins,WR,HOU,TB,14.2,14.4,N
9,Gabe Davis,WR,BUF,CIN,12.9,0,N
9,Zach Wilson,QB,NYJ,LAC,14.7,7.22,N
9,Zack Moss,RB,IND,CAR,12.7,2.6,N
9,Zay Flowers,WR,BAL,SEA,14.1,2.1,N
9,Puka Nacua,WR,LAR,GB,15.2,6.2,N
9,Jordan Addison,WR,MIN,ATL,12.5,10.2,N
9,Gardner Minshew,QB,IND,CAR,14.2,9.58,N
9,Jerome Ford,RB,CLE,ARI,11,12.7,N
9,Gus Edwards,RB,BAL,SEA,12.7,17.2,N
9,Jaylen Warren,RB,PIT,TEN,10.3,14.3,N
9,Aidan O'Connell,QB,LV,NYG,11.7,8.36,N
9,Adam Thielen,WR,CAR,IND,16.9,7.9,N
9,Tank Dell,WR,HOU,TB,11,29.6,N
9,Josh Downs,WR,IND,CAR,11.5,2,Y
9,Rashee Rice,WR,KC,MIA,10.7,9.7,N
9,Tyson Bagent,QB,CHI,NO,12.1,15.8,N
9,Will Levis,QB,TEN,PIT,15,8.68,N
9,Darrell Henderson Jr.,RB,LAR,GB,11.1,5.5,N
9,Dalton Kincaid,TE,BUF,CIN,11.4,16.1,N
9,Dalton Schultz,TE,HOU,TB,10.8,27,N
9,Taylor Heinicke,QB,ATL,MIN,13.5,14.72,N
9,Jaren Hall,QB,MIN,ATL,12.5,4.22,Y
9,Clayton Tune,QB,ARI,CLE,11.3,-0.88,N
9,Brett Rypien,QB,LAR,GB,10.8,3.1,N
9,Devin Singletary,RB,HOU,TB,11,4.6,N
9,Demario Douglas,WR,NE,WAS,10.5,10.5,N
10,Ja'Marr Chase,WR,CIN,HOU,21.2,23.4,N
10,Christian McCaffrey,RB,SF,JAX,20.2,20.2,N
10,Austin Ekeler,RB,LAC,DET,18.9,21.5,N
10,Bijan Robinson,RB,ATL,ARI,14.4,17.6,N
10,Davante Adams,WR,LV,NYJ,13.5,14.6,N
10,Saquon Barkley,RB,NYG,DAL,16.7,7.1,N
10,Derrick Henry,RB,TEN,TB,16.1,3,N
10,Stefon Diggs,WR,BUF,DEN,20.8,6.4,N
10,Tony Pollard,RB,DAL,NYG,15.8,5.5,N
10,CeeDee Lamb,WR,DAL,NYG,18.5,39.5,N
10,Garrett Wilson,WR,NYJ,LV,13.6,18.3,N
10,Josh Jacobs,RB,LV,NYJ,16.2,12.7,N
10,Josh Allen,QB,BUF,DEN,24.9,14.38,N
10,Amon-Ra St. Brown,WR,DET,LAC,19.1,30.5,N
10,Joe Mixon,RB,CIN,HOU,15.5,12.5,N
10,DK Metcalf,WR,SEA,WAS,14.6,16.8,N
10,Travis Etienne Jr.,RB,JAX,SF,17.9,6.4,N
10,Chris Olave,WR,NO,MIN,14.4,21.4,N
10,Najee Harris,RB,PIT,GB,12,18.6,N
10,Lamar Jackson,QB,BAL,CLE,19.6,13.02,N
10,Aaron Jones,RB,GB,PIT,14.9,9.4,N
10,Jahmyr Gibbs,RB,DET,LAC,12.7,26.2,N
10,Joe Burrow,QB,CIN,HOU,19.2,19.88,N
10,Deebo Samuel,WR,SF,JAX,14.6,15.9,N
10,Mark Andrews,TE,BAL,CLE,12.6,6.4,N
10,Rhamondre Stevenson,RB,NE,IND,13.8,13.2,N
10,Calvin Ridley,WR,JAX,SF,13.4,4,N
10,Keenan Allen,WR,LAC,DET,18.8,40.5,N
10,Amari Cooper,WR,CLE,BAL,12.1,15.8,N
10,Justin Herbert,QB,LAC,DET,18.9,28.42,N
10,T.J. Hockenson,TE,MIN,NO,11.4,30.4,N
10,Christian Watson,WR,GB,PIT,10.1,4.3,N
10,DeAndre Hopkins,WR,TEN,TB,15,5.7,N
10,Breece Hall,RB,NYJ,LV,15.7,10.5,N
10,George Kittle,TE,SF,JAX,10.8,20.6,N
10,Kenneth Walker III,RB,SEA,WAS,15.8,19.7,N
10,Alvin Kamara,RB,NO,MIN,17,18.5,N
10,Rachaad White,RB,TB,TEN,15.3,17.8,N
10,Diontae Johnson,WR,PIT,GB,13.4,2.7,N
10,Alexander Mattison,RB,MIN,NO,13.2,4.3,Y
10,D.J. Moore,WR,CHI,CAR,12.4,10.9,N
10,Chris Godwin,WR,TB,TEN,13.5,9.4,N
10,James Conner,RB,ARI,ATL,13.5,7.3,N
10,Trevor Lawrence,QB,JAX,SF,17.3,2.1,N
10,James Cook,RB,BUF,DEN,14.5,12,N
10,Mike Evans,WR,TB,TEN,13.8,26.3,N
10,Terry McLaurin,WR,WAS,SEA,14,7.3,N
10,Deshaun Watson,QB,CLE,BAL,13.3,16.22,N
10,Jonathan Taylor,RB,IND,NE,17.2,14.5,N
10,Tyler Lockett,WR,SEA,WAS,13.5,23.2,N
10,Javonte Williams,RB,DEN,BUF,13.4,21,N
10,Brandon Aiyuk,WR,SF,JAX,15.3,14.5,N
10,Jerry Jeudy,WR,DEN,BUF,11.8,6.5,N
10,David Montgomery,RB,DET,LAC,13.8,17.6,N
10,Drake London,WR,ATL,ARI,11.9,6.6,N
10,George Pickens,WR,PIT,GB,11.9,7.5,N
10,Evan Engram,TE,JAX,SF,12.4,5.2,N
10,Marquise Brown,WR,ARI,ATL,13.6,3.8,N
10,Christian Kirk,WR,JAX,SF,13.1,14.4,N
10,Michael Pittman Jr.,WR,IND,NE,14.4,16.4,N
10,Dak Prescott,QB,DAL,NYG,18.1,37.86,N
10,David Njoku,TE,CLE,BAL,10.9,11.8,N
10,Courtland Sutton,WR,DEN,BUF,12.5,17.3,N
10,Jahan Dotson,WR,WAS,SEA,10.9,0,N
10,Geno Smith,QB,SEA,WAS,15.8,24.06,N
10,Russell Wilson,QB,DEN,BUF,16.2,18.72,N
10,Sam Howell,QB,WAS,SEA,17.4,24.18,N
10,Jared Goff,QB,DET,LAC,16.2,21.12,N
10,Jordan Love,QB,GB,PIT,14,16.66,N
10,Derek Carr,QB,NO,MIN,13.8,5.4,Y
10,Mac Jones,QB,NE,IND,12.6,7.3,N
10,Baker Mayfield,QB,TB,TEN,17.1,18.32,N
10,Kenny Pickett,QB,PIT,GB,14.7,6.64,N
10,Bryce Young,QB,CAR,CHI,12.6,9.2,N
10,Brock Purdy,QB,SF,JAX,16.1,23.84,N
10,C.J. Stroud,QB,HOU,CIN,18.8,19.04,N
10,Joshua Dobbs,QB,MIN,NO,15.2,25.12,N
10,Jakobi Meyers,WR,LV,NYJ,10.7,4.1,N
10,Gabe Davis,WR,BUF,DEN,11.8,9.6,N
10,Zach Wilson,QB,NYJ,LV,12,13.92,N
10,Zay Flowers,WR,BAL,CLE,11.2,12.3,N
10,Jordan Addison,WR,MIN,NO,12.2,10.9,N
10,Gardner Minshew,QB,IND,NE,13.2,5.66,N
10,Jerome Ford,RB,CLE,BAL,11.4,11.9,N
10,Gus Edwards,RB,BAL,CLE,12.2,9.8,N
10,Jaylen Warren,RB,PIT,GB,10.3,19,N
10,Robert Woods,WR,HOU,CIN,10.1,2.5,N
10,Aidan O'Connell,QB,LV,NYJ,11.1,8.42,N
10,Adam Thielen,WR,CAR,CHI,15.2,10.2,N
10,Tank Dell,WR,HOU,CIN,14,18.9,N
10,Tyler Boyd,WR,CIN,HOU,11.7,19.7,N
10,Sam LaPorta,TE,DET,LAC,12.9,8,N
10,D'Onta Foreman,RB,CHI,CAR,12.2,17.2,N
10,Cole Kmet,TE,CHI,CAR,10.5,9.6,N
10,Tyson Bagent,QB,CHI,CAR,14.1,7.68,N
10,Curtis Samuel,WR,WAS,SEA,11.1,2.6,N
10,Will Levis,QB,TEN,TB,15.3,5.96,N
10,Dalton Kincaid,TE,BUF,DEN,12.3,16.1,N
10,Dalton Schultz,TE,HOU,CIN,13.3,11.1,N
10,Taylor Heinicke,QB,ATL,ARI,15.4,9.6,Y
10,Devin Singletary,RB,HOU,CIN,12.1,23.1,N
10,Kyler Murray,QB,ARI,ATL,15.5,17.26,N
10,Tommy DeVito,QB,NYG,DAL,11.1,13.54,N
10,Noah Brown,WR,HOU,CIN,11.1,24.2,N
10,Demario Douglas,WR,NE,IND,10.9,14.4,N
10,Trey McBride,TE,ARI,ATL,10.2,21.1,N
11,Ja'Marr Chase,WR,CIN,BAL,21.9,9.2,N
11,Christian McCaffrey,RB,SF,TB,23.1,21.3,N
11,Austin Ekeler,RB,LAC,GB,21.4,7,N
11,Travis Kelce,TE,KC,PHI,17.7,15.4,N
11,Tyreek Hill,WR,MIA,LV,21.5,30.6,N
11,Davante Adams,WR,LV,MIA,15.6,21.2,N
11,Saquon Barkley,RB,NYG,WAS,16.4,30,N
11,Derrick Henry,RB,TEN,JAX,14,5.4,N
11,Stefon Diggs,WR,BUF,NYJ,16.7,6.7,N
11,Patrick Mahomes,QB,KC,PHI,20.9,16.88,N
11,Cooper Kupp,WR,LAR,SEA,16.5,2.1,Y
11,Tony Pollard,RB,DAL,CAR,15,18,N
11,CeeDee Lamb,WR,DAL,CAR,22.2,16.5,N
11,Garrett Wilson,WR,NYJ,BUF,16.4,0.9,N
11,Josh Jacobs,RB,LV,MIA,16.1,6.1,N
11,A.J. Brown,WR,PHI,KC,19.1,1.8,N
11,Josh Allen,QB,BUF,NYJ,18.9,22.5,N
11,Amon-Ra St. Brown,WR,DET,CHI,19.2,21.7,N
11,Jalen Hurts,QB,PHI,KC,21.5,18.9,N
11,Joe Mixon,RB,CIN,BAL,13.4,21,N
11,DK Metcalf,WR,SEA,LAR,14.5,20.4,N
11,Jaylen Waddle,WR,MIA,LV,14.9,9.5,N
11,Travis Etienne Jr.,RB,JAX,TEN,16,8.9,N
11,Najee Harris,RB,PIT,CLE,12.5,4.6,N
11,DeVonta Smith,WR,PHI,KC,13.4,15.9,N
11,Lamar Jackson,QB,BAL,CIN,21.7,23.96,N
11,Aaron Jones,RB,GB,LAC,15.1,2.7,Y
11,Jahmyr Gibbs,RB,DET,CHI,15.7,21.5,N
11,Joe Burrow,QB,CIN,BAL,17.5,8.74,Y
11,Deebo Samuel,WR,SF,TB,15.2,9.2,N
11,Mark Andrews,TE,BAL,CIN,13.3,4.3,Y
11,Calvin Ridley,WR,JAX,TEN,12.1,31.1,N
11,Keenan Allen,WR,LAC,GB,18.5,27.6,N
11,Amari Cooper,WR,CLE,PIT,12.2,7.4,N
11,Justin Herbert,QB,LAC,GB,18.7,25.7,N
11,T.J. Hockenson,TE,MIN,DEN,14.6,9.5,N
11,Justin Fields,QB,CHI,DET,17.9,21.16,N
11,Christian Watson,WR,GB,LAC,10.8,10.2,N
11,DeAndre Hopkins,WR,TEN,JAX,13.5,15.9,N
11,Breece Hall,RB,NYJ,BUF,14,18.3,N
11,George Kittle,TE,SF,TB,11.8,22.9,N
11,Kenneth Walker III,RB,SEA,LAR,13.8,2.6,Y
11,Rachaad White,RB,TB,SF,14.8,17.8,N
11,Diontae Johnson,WR,PIT,CLE,11.7,3.6,N
11,Alexander Mattison,RB,MIN,DEN,11,7,N
11,D.J. Moore,WR,CHI,DET,14.3,22.6,N
11,Chris Godwin,WR,TB,SF,13.2,9.9,N
11,James Conner,RB,ARI,HOU,13.4,8.3,N
11,Trevor Lawrence,QB,JAX,TEN,16.2,32.18,N
11,James Cook,RB,BUF,NYJ,11.9,19.2,N
11,Mike Evans,WR,TB,SF,15,15.3,N
11,Terry McLaurin,WR,WAS,NYG,14,9.3,N
11,Tyler Lockett,WR,SEA,LAR,13.8,10.1,N
11,Javonte Williams,RB,DEN,MIN,13.6,7.3,N
11,Isiah Pacheco,RB,KC,PHI,12.7,10.1,N
11,Brandon Aiyuk,WR,SF,TB,15.3,26.6,N
11,Jerry Jeudy,WR,DEN,MIN,10.2,10.8,N
11,David Montgomery,RB,DET,CHI,13.4,17.8,N
11,Evan Engram,TE,JAX,TEN,11.5,6.9,N
11,Marquise Brown,WR,ARI,HOU,13.7,3.2,N
11,Christian Kirk,WR,JAX,TEN,13.8,7.8,N
11,D'Andre Swift,RB,PHI,KC,15.1,19.7,N
11,Dak Prescott,QB,DAL,CAR,21.2,16.16,N
11,David Njoku,TE,CLE,PIT,10.7,12.6,N
11,Khalil Herbert,RB,CHI,DET,11.6,6.1,N
11,Courtland Sutton,WR,DEN,MIN,12.4,16.6,N
11,Brian Robinson Jr.,RB,WAS,NYG,14.2,20.2,N
11,Geno Smith,QB,SEA,LAR,16.1,13.22,N
11,Russell Wilson,QB,DEN,MIN,15.1,14.46,N
11,Tua Tagovailoa,QB,MIA,LV,17.7,17.6,N
11,Sam Howell,QB,WAS,NYG,18.1,17.74,N
11,Matthew Stafford,QB,LAR,SEA,13.8,9.7,N
11,Jared Goff,QB,DET,CHI,16.6,13.74,N
11,Jordan Love,QB,GB,LAC,15.9,20.88,N
11,Baker Mayfield,QB,TB,SF,16.6,10.34,N
11,Kenny Pickett,QB,PIT,CLE,12.3,5.14,N
11,Bryce Young,QB,CAR,DAL,13.1,5.22,N
11,Brock Purdy,QB,SF,TB,18.4,26.72,N
11,C.J. Stroud,QB,HOU,ARI,20.2,15.34,N
11,Joshua Dobbs,QB,MIN,DEN,17.4,16.94,N
11,Raheem Mostert,RB,MIA,LV,11.4,10.3,N
11,Nico Collins,WR,HOU,ARI,14,13.5,N
11,Zach Wilson,QB,NYJ,BUF,13.2,6.74,N
11,Zay Flowers,WR,BAL,CIN,12.2,8,N
11,Puka Nacua,WR,LAR,SEA,13.9,18.7,N
11,Jordan Addison,WR,MIN,DEN,13.3,7.4,N
11,Jerome Ford,RB,CLE,PIT,12.5,11.9,N
11,Gus Edwards,RB,BAL,CIN,11.3,21,N
11,Jaylen Warren,RB,PIT,CLE,11.4,23.5,N
11,Aidan O'Connell,QB,LV,MIA,12.1,9.14,N
11,Dorian Thompson-Robinson,QB,CLE,PIT,11.9,6.6,N
11,De'Von Achane,RB,MIA,LV,12.7,1.5,Y
11,Adam Thielen,WR,CAR,DAL,15.3,15.4,N
11,Tank Dell,WR,HOU,ARI,14.4,28.9,N
11,Tyler Boyd,WR,CIN,BAL,12.2,5.2,N
11,Sam LaPorta,TE,DET,CHI,11.6,6.8,N
11,Chuba Hubbard,RB,CAR,DAL,10,8.5,N
11,Cole Kmet,TE,CHI,DET,10.8,5,N
11,Curtis Samuel,WR,WAS,NYG,10.3,1.5,N
11,Jake Ferguson,TE,DAL,CAR,10.7,6.2,N
11,Will Levis,QB,TEN,JAX,13.8,12.52,N
11,Darrell Henderson Jr.,RB,LAR,SEA,12.7,12.9,N
11,Dalton Kincaid,TE,BUF,NYJ,11.5,10.6,N
11,Dalton Schultz,TE,HOU,ARI,12,11.2,N
11,Devin Singletary,RB,HOU,ARI,13.7,19.8,N
11,Kyler Murray,QB,ARI,HOU,17.8,21.66,N
11,Tommy DeVito,QB,NYG,WAS,12,22.54,N
11,Trey McBride,TE,ARI,HOU,11.6,9.3,N
12,Ja'Marr Chase,WR,CIN,PIT,16.6,12.1,N
12,Christian McCaffrey,RB,SF,SEA,23.1,30.9,N
12,Austin Ekeler,RB,LAC,BAL,18.5,9.4,N
12,Travis Kelce,TE,KC,LV,15.8,15.1,N
12,Tyreek Hill,WR,MIA,NYJ,21.3,25.4,N
12,Bijan Robinson,RB,ATL,NO,14.6,27.3,N
12,Davante Adams,WR,LV,KC,15.4,12.3,N
12,Saquon Barkley,RB,NYG,NE,16.4,6.2,N
12,Derrick Henry,RB,TEN,CAR,14.8,20.6,N
12,Stefon Diggs,WR,BUF,PHI,17.7,19.4,N
12,Patrick Mahomes,QB,KC,LV,18.1,20.82,N
12,Cooper Kupp,WR,LAR,ARI,15.6,4.8,N
12,Tony Pollard,RB,DAL,WAS,16,22.3,N
12,CeeDee Lamb,WR,DAL,WAS,22.5,17.3,N
12,Garrett Wilson,WR,NYJ,MIA,15.2,17.4,N
12,Josh Jacobs,RB,LV,KC,15,22.5,N
12,A.J. Brown,WR,PHI,BUF,19,14.7,N
12,Josh Allen,QB,BUF,PHI,20.9,39.66,N
12,Amon-Ra St. Brown,WR,DET,GB,18.7,18.5,N
12,Jalen Hurts,QB,PHI,BUF,22.3,34.5,N
12,Joe Mixon,RB,CIN,PIT,16.3,8,N
12,DK Metcalf,WR,SEA,SF,15.8,6.2,N
12,Jaylen Waddle,WR,MIA,NYJ,14,19.4,N
12,Travis Etienne Jr.,RB,JAX,HOU,15.3,12.6,N
12,Chris Olave,WR,NO,ATL,14.9,18.4,Y
12,Najee Harris,RB,PIT,CIN,12.3,15.9,N
12,DeVonta Smith,WR,PHI,BUF,12.8,23.6,N
12,Lamar Jackson,QB,BAL,LAC,22.3,14.98,N
12,Jahmyr Gibbs,RB,DET,GB,16.2,11.3,N
12,Deebo Samuel,WR,SF,SEA,13.9,22.4,N
12,Rhamondre Stevenson,RB,NE,NYG,14.4,21.7,N
12,Calvin Ridley,WR,JAX,HOU,13.5,21.9,N
12,Keenan Allen,WR,LAC,BAL,20.4,22.6,N
12,Amari Cooper,WR,CLE,DEN,11.5,3.6,Y
12,Justin Herbert,QB,LAC,BAL,18.6,13.38,N
12,T.J. Hockenson,TE,MIN,CHI,13,16,N
12,Justin Fields,QB,CHI,MIN,17.4,10.58,N
12,Christian Watson,WR,GB,DET,11.4,20.4,N
12,DeAndre Hopkins,WR,TEN,CAR,13.5,7.9,N
12,Breece Hall,RB,NYJ,MIA,15.3,11.9,N
12,George Kittle,TE,SF,SEA,12.9,4.9,N
12,Alvin Kamara,RB,NO,ATL,17.3,15.9,N
12,Rachaad White,RB,TB,IND,15,13,N
12,Diontae Johnson,WR,PIT,CIN,11.6,9,N
12,Alexander Mattison,RB,MIN,CHI,11.2,8.3,N
12,D.J. Moore,WR,CHI,MIN,14.4,22.4,N
12,Chris Godwin,WR,TB,IND,12.1,7.5,N
12,James Conner,RB,ARI,LAR,14.6,7.2,N
12,Trevor Lawrence,QB,JAX,HOU,17.1,24.56,N
12,James Cook,RB,BUF,PHI,12.6,16,N
12,Mike Evans,WR,TB,IND,15.3,25,N
12,Terry McLaurin,WR,WAS,DAL,14,9,N
12,Jonathan Taylor,RB,IND,TB,18.8,21.1,N
12,Tyler Lockett,WR,SEA,SF,14.3,6,N
12,Javonte Williams,RB,DEN,CLE,13.8,10.1,N
12,Isiah Pacheco,RB,KC,LV,14.1,25.9,N
12,Brandon Aiyuk,WR,SF,SEA,16.3,13,N
12,Jerry Jeudy,WR,DEN,CLE,10,3.1,N
12,David Montgomery,RB,DET,GB,14.3,15.1,N
12,Drake London,WR,ATL,NO,11.1,14.1,N
12,Evan Engram,TE,JAX,HOU,11.6,9.9,N
12,Marquise Brown,WR,ARI,LAR,11.8,14.8,N
12,Christian Kirk,WR,JAX,HOU,13.7,12.9,N
12,D'Andre Swift,RB,PHI,BUF,15.6,9.4,N
12,Michael Pittman Jr.,WR,IND,TB,15.1,20.7,N
12,Brandin Cooks,WR,DAL,WAS,10.2,17.2,N
12,Dak Prescott,QB,DAL,WAS,22.8,32.24,N
12,David Njoku,TE,CLE,DEN,11.9,11.9,N
12,Khalil Herbert,RB,CHI,MIN,14,5.8,N
12,Courtland Sutton,WR,DEN,CLE,11.5,9.1,N
12,A.J. Dillon,RB,GB,DET,12,11.1,N
12,Brian Robinson Jr.,RB,WAS,DAL,12.8,8.4,N
12,Geno Smith,QB,SEA,SF,15.9,7.3,N
12,Russell Wilson,QB,DEN,CLE,14.4,16.76,N
12,Tua Tagovailoa,QB,MIA,NYJ,16.5,7.82,N
12,Sam Howell,QB,WAS,DAL,16.7,17.3,N
12,Matthew Stafford,QB,LAR,ARI,13.1,23.36,N
12,Jared Goff,QB,DET,GB,15.5,18.18,N
12,Jordan Love,QB,GB,DET,16,26.62,N
12,Derek Carr,QB,NO,ATL,15,10.86,N
12,Mac Jones,QB,NE,NYG,11.7,-0.44,N
12,Baker Mayfield,QB,TB,IND,16.4,13.36,N
12,Kenny Pickett,QB,PIT,CIN,13.8,11.62,N
12,Bryce Young,QB,CAR,TEN,13.9,8.06,N
12,Brock Purdy,QB,SF,SEA,19.1,10.46,N
12,C.J. Stroud,QB,HOU,JAX,18.5,30.86,N
12,Desmond Ridder,QB,ATL,NO,13.6,9.72,N
12,Joshua Dobbs,QB,MIN,CHI,16.6,4.5,N
12,Raheem Mostert,RB,MIA,NYJ,14.8,21.4,N
12,Nico Collins,WR,HOU,JAX,14.8,23.4,N
12,Kyren Williams,RB,LAR,ARI,14.5,38.4,N
12,Zay Flowers,WR,BAL,LAC,13.1,23.2,N
12,Puka Nacua,WR,LAR,ARI,14,6.7,N
12,Jordan Addison,WR,MIN,CHI,12.8,9.9,N
12,Gardner Minshew,QB,IND,TB,13.3,14.64,N
12,Jerome Ford,RB,CLE,DEN,13.2,11.9,N
12,Gus Edwards,RB,BAL,LAC,11.2,4.7,N
12,Jaylen Warren,RB,PIT,CIN,12.8,7.2,N
12,Jayden Reed,WR,GB,DET,11.5,15,N
12,Aidan O'Connell,QB,LV,KC,10.7,13.92,N
12,Dorian Thompson-Robinson,QB,CLE,DEN,11.7,11.46,Y
12,Adam Thielen,WR,CAR,TEN,15.7,1.2,N
12,Tank Dell,WR,HOU,JAX,15.7,17.2,N
12,Josh Downs,WR,IND,TB,10.6,9.3,N
12,Sam LaPorta,TE,DET,GB,10.9,17.7,N
12,Jake Ferguson,TE,DAL,WAS,11.2,4.5,N
12,Will Levis,QB,TEN,CAR,15.4,7.1,N
12,Dalton Kincaid,TE,BUF,PHI,13.6,8.8,N
12,Dalton Schultz,TE,HOU,JAX,10.8,1.2,N
12,Devin Singletary,RB,HOU,JAX,10.1,13.2,N
12,Kyler Murray,QB,ARI,LAR,18,20.44,N
12,Tommy DeVito,QB,NYG,NE,13.1,10.24,N
12,Demario Douglas,WR,NE,NYG,11.1,10.9,Y
12,Trey McBride,TE,ARI,LAR,11.2,13,N
12,Jake Browning,QB,CIN,PIT,14,11.98,N
12,Tim Boyle,QB,NYJ,MIA,10.5,7.36,N
12,Zach Charbonnet,RB,SEA,SF,14,9.8,N
12,Rashid Shaheed,WR,NO,ATL,11,2.9,Y
